Workbook
Name Slicer_Department: #N/A
Name Slicer_Gender: #N/A
Name Slicer_Region: #N/A

Sheet pivot tables
A1: Employment Status | D1: HR Dashboard KPI's | G1: Skills Breakdown | K1: Work location | O1: Gender Range | T1: salaries to department | Y1: Regions
A3: Row Labels | B3: Count of Employee ID | D3: KPI Names | E3: Values | G3: Row Labels | H3: Count of Employee ID | K3: Row Labels | L3: Count of Employee ID | O3: Count of Full Name | P3: Column Labels | T3: Row Labels | U3: Sum of Salary | V3: Sum of Leave Taken | Y3: Row Lables | Z3: Count of Full Name
A4: Contract | B4: 31 | D4: Total Employees | E4: =COUNTA('HR Dataset'!A2:A1000) -> 100 | G4: Communication | H4: 19 | K4: Branch Office | L4: 38 | O4: Row Labels | P4: Female | Q4: Male | R4: Grand Total | T4: Analyst | U4: 991270 | V4: 207 | Y4: Central | Z4: 26
A5: Full-Time | B5: 41 | D5: Avg Performance Rating | E5: =AVERAGE('HR Dataset'!R2:R101) -> 2.9 | G5: Design | H5: 25 | K5: Head Office | L5: 30 | O5: 18-25 | P5: 8 | Q5: 7 | R5: 15 | T5: Designer | U5: 1141425 | V5: 159 | Y5: East | Z5: 19
A6: Part-Time | B6: 28 | D6: Part Time Employees | E6: =COUNTIF('HR Dataset'!K:K,"Part-Time") -> 28 | G6: Excel | H6: 15 | K6: Remote | L6: 32 | O6: 26-35 | P6: 14 | Q6: 11 | R6: 25 | T6: Developer | U6: 1258879 | V6: 212 | Y6: North | Z6: 17
A7: Grand Total | B7: 100 | D7: Full Time Employees | E7: =COUNTIF('HR Dataset'!K:K,"Full-Time") -> 41 | G7: Management | H7: 19 | K7: Grand Total | L7: 100 | O7: 36-45 | P7: 11 | Q7: 15 | R7: 26 | T7: HR Specialist | U7: 1573579 | V7: 234 | Y7: South | Z7: 24
D8: Contract Employees | E8: =COUNTIF('HR Dataset'!K:K,"Contract") -> 31 | G8: Python | H8: 22 | K8: Work Location % | O8: 46-55 | P8: 8 | Q8: 11 | R8: 19 | T8: Manager | U8: 1369188 | V8: 238 | Y8: West | Z8: 14
G9: Grand Total | H9: 100 | K9: Branch Office | L9: =COUNTIF('HR Dataset'!L:L,"Branch Office") -> 38 | M9: =L9/SUM($L$9:$L$11) -> 0.38 | O9: 56 < | P9: 8 | Q9: 7 | R9: 15 | T9: Grand Total | U9: 6334341 | V9: 1050 | Y9: Grand Total | Z9: 100
K10: Head Office | L10: =COUNTIF('HR Dataset'!L:L,"Head Office") -> 30 | M10: =L10/SUM($L$9:$L$11) -> 0.3 | O10: Grand Total | P10: 49 | Q10: 51 | R10: 100
K11: Remote | L11: =COUNTIF('HR Dataset'!L:L,"Remote") -> 32 | M11: =L11/SUM($L$9:$L$11) -> 0.32 | T11: Analyst | U11: =SUMIF('HR Dataset'!G:G,"Analyst",'HR Dataset'!M:M) -> 991270 | V11: =SUMIF('HR Dataset'!G:G,"Analyst",'HR Dataset'!Q:Q) -> 207
K12: Total | L12: =SUM(L9:L11) -> 100 | T12: Designer | U12: =GETPIVOTDATA("Sum of Salary",$T$3,"Job Title",T12) -> 1141425 | V12: =GETPIVOTDATA("Sum of Leave Taken",$T$3,"Job Title",T12) -> 159
K13: Comparison | O13: Gender | P13: Total | Q13: Gender % | R13: Opp Gender% | T13: Developer | U13: =SUMIF('HR Dataset'!G:G,"Developer",'HR Dataset'!M:M) -> 1258879 | V13: =SUMIF('HR Dataset'!G:G,"Developer",'HR Dataset'!Q:Q) -> 212
K14: Branch Office | L14: =SUM(L9/SUM($L$9:$L$11)) -> 0.38 | M14: =1-L14 -> 0.62 | O14: Male | P14: =GETPIVOTDATA("Full Name",$O$3,"Gender","Male") -> 51 | Q14: =SUM(P14/SUM($P$14:$P$15)) -> 0.51 | R14: =1-Q14 -> 0.49 | T14: HR Specialist | U14: =SUMIF('HR Dataset'!G:G,"HR Specialist",'HR Dataset'!M:M) -> 1573579 | V14: =SUMIF('HR Dataset'!G:G,"HR Specialist",'HR Dataset'!Q:Q) -> 234
K15: Head Office | L15: =SUM(L10/SUM($L$9:$L$11)) -> 0.3 | M15: =1-L15 -> 0.7 | O15: Female | P15: =GETPIVOTDATA("Full Name",$O$3,"Gender","Female") -> 49 | Q15: =SUM(P15/SUM($P$14:$P$15)) -> 0.49 | R15: =1-Q15 -> 0.51 | T15: Manager | U15: =GETPIVOTDATA("Sum of Salary",$T$3,"Job Title",T15) -> 1369188 | V15: =GETPIVOTDATA("Sum of Leave Taken",$T$3,"Job Title",T15) -> 238
K16: Remote | L16: =SUM(L11/SUM($L$9:$L$11)) -> 0.32 | M16: =1-L16 -> 0.68

Sheet HR Dataset
A1: Employee ID | B1: Full Name | C1: Gender | D1: Age | E1: Age range | F1: Region | G1: Job Title | H1: Department | I1: Manager/Supervisor | J1: Date of Hire | K1: Employment Status | L1: Work Location | M1: Salary | N1: Pay Grade | O1: Bonus/Allowances | P1: Insurance Details | Q1: Leave Taken | R1: Performance Rating | S1: Training Programs Attended | T1: Skills | U1: Certifications
A2: 10001 | B2: Lori Nguyen | C2: Female | D2: 25 | E2: 18-25 | F2: East | G2: Manager | H2: Finance | I2: Luis Reynolds | J2: 43539 | K2: Full-Time | L2: Head Office | M2: 53700 | N2: C | O2: 1463 | P2: Health | Q2: 1 | R2: 1 | S2: Leadership Training | T2: Design | U2: Certified Professional
A3: 10002 | B3: Gary Garcia | C3: Male | D3: 27 | E3: 26-35 | F3: Central | G3: Designer | H3: HR | I3: Ashley Simmons MD | J3: 44915 | K3: Full-Time | L3: Branch Office | M3: 91091 | N3: B | O3: 1024 | P3: None | Q3: 19 | R3: 4 | S3: Excel Workshop | T3: Design | U3: Certified Professional
A4: 10003 | B4: Jeremy Nguyen | C4: Male | D4: 34 | E4: 26-35 | F4: West | G4: HR Specialist | H4: Marketing | I4: Cassandra Duncan | J4: 44783 | K4: Full-Time | L4: Remote | M4: 57538 | N4: D | O4: 1674 | P4: None | Q4: 8 | R4: 1 | S4: None | T4: Management | U4: Advanced Training
A5: 10004 | B5: Kimberly Jones | C5: Female | D5: 41 | E5: 36-45 | F5: West | G5: Manager | H5: Operations | I5: Janet Harris | J5: 45538 | K5: Contract | L5: Head Office | M5: 62993 | N5: A | O5: 2695 | P5: Health + Dental | Q5: 0 | R5: 2 | S5: None | T5: Python | U5: None
A6: 10005 | B6: Anthony Gates | C6: Male | D6: 56 | E6: 56 < | F6: East | G6: Manager | H6: Marketing | I6: Mr. Frank Clay | J6: 43538 | K6: Contract | L6: Branch Office | M6: 45773 | N6: A | O6: 8776 | P6: Health | Q6: 16 | R6: 4 | S6: Leadership Training | T6: Python | U6: None
A7: 10006 | B7: Courtney Foster | C7: Female | D7: 28 | E7: 26-35 | F7: West | G7: Developer | H7: Marketing | I7: Dorothy Price | J7: 42758 | K7: Full-Time | L7: Branch Office | M7: 96249 | N7: C | O7: 4826 | P7: Health + Dental | Q7: 7 | R7: 3 | S7: Leadership Training | T7: Communication | U7: Certified Professional
A8: 10007 | B8: Catherine Hall | C8: Female | D8: 20 | E8: 18-25 | F8: Central | G8: HR Specialist | H8: Marketing | I8: Michele Sexton | J8: 45521 | K8: Full-Time | L8: Remote | M8: 61596 | N8: C | O8: 8818 | P8: Health + Dental | Q8: 4 | R8: 2 | S8: Leadership Training | T8: Management | U8: None
A9: 10008 | B9: Deanna Ball | C9: Female | D9: 58 | E9: 56 < | F9: South | G9: Designer | H9: IT | I9: Richard Schmidt | J9: 41982 | K9: Full-Time | L9: Remote | M9: 97869 | N9: A | O9: 1966 | P9: Health | Q9: 10 | R9: 1 | S9: Leadership Training | T9: Design | U9: Certified Professional
A10: 10009 | B10: Candace Nelson | C10: Female | D10: 44 | E10: 36-45 | F10: South | G10: HR Specialist | H10: Marketing | I10: Teresa Pearson | J10: 44375 | K10: Full-Time | L10: Head Office | M10: 81235 | N10: A | O10: 6553 | P10: None | Q10: 16 | R10: 2 | S10: None | T10: Management | U10: Certified Professional
A11: 10010 | B11: Mandy Davis | C11: Female | D11: 29 | E11: 26-35 | F11: Central | G11: HR Specialist | H11: Operations | I11: Laura Hart | J11: 43240 | K11: Full-Time | L11: Branch Office | M11: 87852 | N11: A | O11: 4980 | P11: Health + Dental | Q11: 19 | R11: 3 | S11: None | T11: Python | U11: Certified Professional
A12: 10011 | B12: Matthew Powell | C12: Male | D12: 23 | E12: 18-25 | F12: South | G12: Manager | H12: Marketing | I12: Andrea May | J12: 42779 | K12: Contract | L12: Branch Office | M12: 59359 | N12: A | O12: 9449 | P12: Health + Dental | Q12: 20 | R12: 3 | S12: None | T12: Management | U12: None
A13: 10012 | B13: Bruce Nelson | C13: Male | D13: 30 | E13: 26-35 | F13: East | G13: Designer | H13: Finance | I13: Casey Martin | J13: 45417 | K13: Contract | L13: Remote | M13: 81225 | N13: D | O13: 6202 | P13: Health + Dental | Q13: 2 | R13: 2 | S13: Excel Workshop | T13: Excel | U13: Certified Professional
... A81: 10080 | B81: Aria Hall | C81: Female | D81: 38 | E81: 36-45 | F81: Central | G81: Designer | H81: HR | I81: Robert King | J81: 43770 | K81: Full-Time | L81: Remote | M81: 73232 | N81: B | O81: 5506 | P81: Health + Dental | Q81: 9 | R81: 1 | S81: Leadership Training | T81: Design | U81: Certified Professional
A82: 10081 | B82: Isabella Johnson | C82: Female | D82: 23 | E82: 18-25 | F82: North | G82: HR Specialist | H82: HR | I82: Michael Scott | J82: 45389 | K82: Full-Time | L82: Head Office | M82: 33994 | N82: B | O82: 1162 | P82: Health | Q82: 5 | R82: 1 | S82: Leadership Training | T82: Communication | U82: Certified Professional | AA82: =COUNTIF(C2:C101,"Female") -> 49
A83: 10082 | B83: Henry Lee | C83: Male | D83: 52 | E83: 46-55 | F83: West | G83: Manager | H83: HR | I83: Emily Davis | J83: 45774 | K83: Contract | L83: Head Office | M83: 32395 | N83: B | O83: 3515 | P83: Health + Dental | Q83: 4 | R83: 5 | S83: Leadership Training | T83: Design | U83: Certified Professional | AA83: =COUNTIF(C2:C101,"Male") -> 51
A84: 10083 | B84: Olivia Taylor | C84: Male | D84: 50 | E84: 46-55 | F84: West | G84: Analyst | H84: IT | I84: Emily Davis | J84: 44162 | K84: Part-Time | L84: Remote | M84: 88353 | N84: B | O84: 6847 | P84: Health | Q84: 15 | R84: 5 | S84: Leadership Training | T84: Management | U84: Advanced Training
A85: 10084 | B85: Liam Hall | C85: Female | D85: 34 | E85: 26-35 | F85: South | G85: Analyst | H85: HR | I85: John Carter | J85: 45743 | K85: Part-Time | L85: Head Office | M85: 47269 | N85: B | O85: 5626 | P85: None | Q85: 14 | R85: 3 | S85: Leadership Training | T85: Design | U85: Certified Professional
A86: 10085 | B86: Emma Taylor | C86: Female | D86: 40 | E86: 36-45 | F86: Central | G86: Analyst | H86: IT | I86: Robert King | J86: 41856 | K86: Full-Time | L86: Head Office | M86: 73454 | N86: B | O86: 4686 | P86: None | Q86: 3 | R86: 5 | S86: Excel Workshop | T86: Python | U86: None
A87: 10086 | B87: Mason Johnson | C87: Male | D87: 40 | E87: 36-45 | F87: Central | G87: Analyst | H87: Finance | I87: Michael Scott | J87: 42950 | K87: Full-Time | L87: Head Office | M87: 94864 | N87: C | O87: 3983 | P87: Health + Dental | Q87: 18 | R87: 3 | S87: Excel Workshop | T87: Excel | U87: Certified Professional
A88: 10087 | B88: Olivia Brown | C88: Male | D88: 52 | E88: 46-55 | F88: South | G88: Manager | H88: HR | I88: Sarah Adams | J88: 42507 | K88: Full-Time | L88: Head Office | M88: 87544 | N88: C | O88: 5916 | P88: Health | Q88: 10 | R88: 4 | S88: Excel Workshop | T88: Python | U88: Advanced Training
A89: 10088 | B89: Liam Moore | C89: Male | D89: 31 | E89: 26-35 | F89: Central | G89: Developer | H89: Operations | I89: Sarah Adams | J89: 45669 | K89: Full-Time | L89: Head Office | M89: 38951 | N89: B | O89: 9412 | P89: None | Q89: 17 | R89: 5 | S89: Excel Workshop | T89: Excel | U89: Certified Professional
A90: 10089 | B90: Noah Lee | C90: Male | D90: 47 | E90: 46-55 | F90: West | G90: Manager | H90: IT | I90: Robert King | J90: 44992 | K90: Contract | L90: Remote | M90: 70521 | N90: B | O90: 8471 | P90: Health | Q90: 7 | R90: 2 | S90: Excel Workshop | T90: Python | U90: Advanced Training
A91: 10090 | B91: Grace Lee | C91: Male | D91: 40 | E91: 36-45 | F91: South | G91: Developer | H91: Marketing | I91: Emily Davis | J91: 45664 | K91: Full-Time | L91: Head Office | M91: 94677 | N91: C | O91: 1436 | P91: None | Q91: 18 | R91: 3 | S91: None | T91: Design | U91: Certified Professional
A92: 10091 | B92: Grace Walker | C92: Male | D92: 39 | E92: 36-45 | F92: North | G92: Manager | H92: HR | I92: Emily Davis | J92: 43695 | K92: Part-Time | L92: Branch Office | M92: 53505 | N92: A | O92: 6751 | P92: Health | Q92: 16 | R92: 2 | S92: Excel Workshop | T92: Design | U92: Certified Professional
A93: 10092 | B93: Grace Lee | C93: Male | D93: 36 | E93: 36-45 | F93: South | G93: HR Specialist | H93: Marketing | I93: Michael Scott | J93: 45675 | K93: Full-Time | L93: Remote | M93: 51335 | N93: D | O93: 8535 | P93: None | Q93: 2 | R93: 5 | S93: Excel Workshop | T93: Design | U93: Certified Professional
A94: 10093 | B94: Noah Lewis | C94: Female | D94: 46 | E94: 46-55 | F94: Central | G94: Designer | H94: HR | I94: Emily Davis | J94: 44815 | K94: Full-Time | L94: Branch Office | M94: 96587 | N94: D | O94: 4148 | P94: Health + Dental | Q94: 15 | R94: 1 | S94: None | T94: Excel | U94: Certified Professional
A95: 10094 | B95: Mason Hall | C95: Male | D95: 54 | E95: 46-55 | F95: East | G95: Developer | H95: Marketing | I95: Robert King | J95: 44319 | K95: Part-Time | L95: Branch Office | M95: 81767 | N95: C | O95: 4425 | P95: Health + Dental | Q95: 16 | R95: 1 | S95: None | T95: Design | U95: Advanced Training
... A101: 10100 | B101: Isabella Smith | C101: Female | D101: 26 | E101: 26-35 | F101: North | G101: Developer | H101: IT | I101: Michael Scott | J101: 42417 | K101: Contract | L101: Head Office | M101: 54125 | N101: D | O101: 9708 | P101: Health | Q101: 0 | R101: 1 | S101: Excel Workshop | T101: Design | U101: Certified Professional

Sheet HR dashboard
